1,Loralie,Askell,92170.000000,3,P71AL1Q,Demorado
2,Judd,Exter,71862.000000,1,E13IR3W,Cancelado
3,Farrah,Schenkel,83406.000000,2,S77FD3P,En Horario
4,Dorette,Furmagier,19682.000000,3,U02NK5E,Demorado
5,Goldie,O'Hallihane,44508.000000,3,H01XZ7B,Demorado
6,Ahmad,Artiss,98938.000000,2,Y87DK6K,Cancelado
7,Leeanne,O'Beirne,27756.000000,1,A13UC4O,En Horario
8,Cally,Vizard,16333.000000,2,C96ME1T,Demorado
9,Anne,Earlam,25936.000000,2,C24GX3A,Demorado
10,Launce,Tidridge,28385.000000,3,M48QB8C,Demorado
11,Rupert,Figiovanni,64810.000000,3,Q87IY6C,Demorado
12,Mauricio,Danat,38383.000000,3,W94YE5W,Demorado
13,Tobie,Twede,13621.000000,3,V02IA5N,Demorado
14,Titus,Dymond,79447.000000,1,Z28AT7U,En Horario
15,Zak,Waddoups,44674.000000,1,W62WY4M,Demorado
16,Tabbitha,Goodyear,48196.000000,3,I73KR8B,En Horario
17,Chandra,Deegin,41649.000000,1,U74GD5Z,Demorado
18,Stormy,Slaughter,52851.000000,2,I23BD6P,Cancelado
19,Gretta,Keat,25045.000000,2,T31MY6R,Demorado
20,Emmi,Patrickson,93443.000000,2,O80CU3S,En Horario
21,Krissie,Innocenti,48595.000000,3,Z16AI7P,Demorado
22,Alane,Stimson,68805.000000,1,Y38QK9X,Cancelado
23,Nananne,Manderson,57907.000000,2,N70MT7K,En Horario
24,Harriette,Penwright,50198.000000,3,Z42QI0D,Demorado
25,Orsola,MacArthur,41475.000000,2,X67FY5V,Cancelado
26,Netty,Cossans,16645.000000,2,Z82GW2H,Cancelado
27,Collete,Abel,15143.000000,1,J37PS6S,En Horario
28,Justine,Chritchley,98718.000000,3,K82DD7O,Cancelado
29,Darsey,Jewar,17475.000000,2,Q13GI4S,Cancelado
30,Julissa,O' Quirk,48973.000000,2,G90OR2M,Cancelado
31,Verene,Flecknell,31713.000000,1,K76ZG3I,En Horario
32,Barnebas,Finding,67275.000000,1,Z46UV0P,Cancelado
33,Florella,Beeble,57102.000000,1,F19HE7N,Demorado
34,Dorree,Tembey,11782.000000,3,D58DQ0W,Cancelado
35,Theresina,Crees,58169.000000,3,O52RA7D,Cancelado
36,Thadeus,Trill,56197.000000,2,Y03RB0W,Cancelado
37,Loydie,Elders,39644.000000,3,C57KM1G,En Horario
38,Eddi,Kentwell,56824.000000,1,J60AZ1J,Cancelado
39,Edgar,Wardhough,18386.000000,3,D12YP0U,Demorado
40,Carl,Kime,58864.000000,2,S24AQ7G,Cancelado
41,Jayme,Giraux,61214.000000,2,D10AV1D,Cancelado
42,Rochette,Banger,90345.000000,3,D80BC5S,En Horario
43,Kaleb,Tarr,92178.000000,2,Z34QC6G,Demorado
44,Josee,Carlyle,32064.000000,3,H24HS0D,En Horario
45,Jorrie,Quiddihy,57916.000000,2,M74EJ6D,Cancelado
46,Nettle,Hanhardt,36870.000000,1,E56WP1E,Demorado
47,Marylin,Hellard,64951.000000,3,G24LW6R,Cancelado
48,Tiebold,Whoolehan,41109.000000,2,I19WM4Q,Demorado
49,Dawna,Batterson,33370.000000,3,Z25WV0O,En Horario
50,Kimble,O' Mulderrig,67141.000000,3,I59OI5P,En Horario
51,Eunice,La Rosa,78487.000000,1,D72TS2U,Demorado
52,Ibbie,Raitt,96491.000000,2,F37BX9A,Cancelado
53,Lottie,Perutto,81017.000000,1,P36MY7Z,Cancelado
54,Justin,Handman,83920.000000,3,G71NO8Q,En Horario
55,Ethelred,Boldecke,96434.000000,1,Y23UY8R,Cancelado
56,Florian,Napier,26416.000000,1,P03AX2H,Demorado
57,Westleigh,Denning,24674.000000,1,L05EC3B,Demorado
58,Agnola,Doumer,50737.000000,2,O32ZX4A,Demorado
59,Umeko,Rentalll,87034.000000,1,G34VR1E,En Horario
60,Amble,Findlater,79219.000000,3,B42LB4P,Cancelado
61,Mirilla,Driver,41727.000000,3,J68HS9K,En Horario
62,Mark,Menico,74170.000000,1,T87FJ6F,Cancelado
63,Allys,Rusbridge,61707.000000,3,Y83RK8Q,Demorado
64,Alys,Baccup,19287.000000,3,B45UQ9C,Demorado
65,Mair,Klimko,26262.000000,2,G23PS7C,Demorado
66,Jordana,Burrow,56733.000000,2,R70WN0F,Cancelado
67,Katine,Landes,40798.000000,2,S24MT5M,En Horario
68,Blancha,McNirlan,85379.000000,1,N73EM4K,En Horario
69,Natividad,Taberner,72170.000000,1,H99QY0X,Demorado
70,Stesha,Kopta,85578.000000,1,A14PV4U,Demorado
71,Benetta,Jordison,29084.000000,2,U64RM1Y,En Horario
72,Laural,Saggs,36632.000000,2,X02BA7J,Demorado
73,Read,Dolbey,48865.000000,2,R14RX7O,Demorado
74,Nesta,Hamlington,12834.000000,2,V96EO5V,Cancelado
75,Megan,Waeland,27131.000000,1,A87ZX9F,Demorado
76,Benjamin,Rouchy,45724.000000,3,B86NT2B,En Horario
77,Pearce,Goodison,89216.000000,3,F95SG6G,Demorado
78,Iris,Creavin,42564.000000,3,P81RX2M,Demorado
79,Frannie,Aldous,25650.000000,3,J17XW7A,Demorado
80,Antonin,Haug,40495.000000,3,U10LO4J,Demorado
81,Ragnar,Klarzynski,12452.000000,1,D32ST9W,En Horario
82,Hieronymus,Haigh,84187.000000,2,P89IA6I,Demorado
83,Ursa,Itzig,17289.000000,3,B35WD4W,Demorado
84,Christin,Bohey,47841.000000,2,V45JA2Q,En Horario
85,Neale,Rakestraw,75370.000000,1,A11JP3O,Demorado
86,Rosina,Boarleyson,12487.000000,3,V40PN1L,En Horario
87,Bea,Whear,15105.000000,3,F03TJ8V,Cancelado
88,Pieter,Itzkov,65898.000000,3,E78YT4Y,Cancelado
89,Barron,Simonitto,25379.000000,3,V46KT6Y,Demorado
90,Robbin,Bellino,86187.000000,2,Y73AH0G,Cancelado
91,Gan,Stratten,23804.000000,3,V39WQ7X,En Horario
92,Loise,De Hailes,23562.000000,2,C92XK7N,En Horario
93,Sinclare,Shilliday,34398.000000,2,Z79UQ0U,Demorado
94,Carmelle,Doogue,76546.000000,3,L34UF9J,En Horario
95,Nancee,Deniso,79392.000000,3,T92WY3L,Cancelado
96,Carlie,Casterton,94282.000000,3,N64JG5W,En Horario
97,Sukey,Briant,34253.000000,1,P81JF9X,En Horario
98,Marquita,Stammers,28827.000000,2,Z30LO2E,En Horario
99,Basil,Figure,34742.000000,3,Z00AK1U,Demorado
100,Adena,Eshmade,76383.000000,3,E68MW5I,Demorado
101,Curtis,Leate,61249.000000,2,S83MY0M,Demorado
102,Merline,Lemerle,42957.000000,1,R98YG3H,Cancelado
103,Cirilo,Busby,65839.000000,2,L18LP2N,Cancelado
104,Pacorro,Tarborn,72900.000000,3,X72EE3T,En Horario
105,Johannah,Mc Kellen,73238.000000,2,Q35BU0Q,En Horario
106,Michelina,Cadell,58893.000000,2,E87UM3L,Cancelado
107,Adoree,MacIlriach,17487.000000,3,K65TK1L,En Horario
108,Chrisy,Fearnley,31418.000000,3,I08ZX2M,Cancelado
109,Gavan,Duckhouse,28292.000000,1,U36AZ6B,Cancelado
110,Dawn,Wantling,35895.000000,2,I86KI7G,Demorado
111,Moira,Housbie,73817.000000,3,M44LT2A,Demorado
112,Ugo,Gibben,30682.000000,3,O53EU1C,Cancelado
113,Arlene,Gillyett,39673.000000,2,F83EC0R,En Horario
114,Scot,Melpuss,42407.000000,1,L40CA7F,Demorado
115,Branden,Malden,44275.000000,1,P09WA5I,Demorado
116,Christian,Poinsett,44118.000000,2,T32RN6L,Cancelado
117,Koral,Norcliff,26399.000000,2,Z60TS7E,En Horario
118,Cary,Caldecourt,97436.000000,2,J25QY4U,Cancelado
119,Perkin,Rearden,41890.000000,1,C94KG6L,Cancelado
120,Evangeline,Provis,36597.000000,2,C81JY2H,Cancelado
121,Haily,Stollberg,59138.000000,2,R52OI8R,Cancelado
122,Tiena,Baudichon,83160.000000,3,L60AZ5U,Cancelado
123,Katharyn,Husband,88626.000000,1,C68NF6A,Cancelado
124,Sheila,Frangleton,13639.000000,1,K96TG6S,Cancelado
125,Sonny,Greve,24907.000000,2,I80EH5T,Cancelado
126,Jodi,Bithell,25886.000000,2,C86KD3Z,En Horario
127,Korney,Presnail,59831.000000,2,Z81PM5Z,En Horario
128,Ashli,Tromans,11954.000000,1,G26CQ5Q,En Horario
129,Harriet,Venditto,97711.000000,2,H84FJ7C,Cancelado
130,Robinet,Monkman,69595.000000,1,P95ON6U,Demorado
131,Cris,Fearick,67515.000000,3,I59IB8S,Demorado
132,Willey,Twells,36261.000000,1,K29ZH8C,Demorado
133,Dorthea,Le Barre,61328.000000,1,D77YG8N,Cancelado
134,Elden,Lafont,74830.000000,3,V10FT4P,Cancelado
135,Dionisio,Shrawley,86688.000000,1,Q00OF8I,Cancelado
136,Melly,Hurren,49797.000000,2,Y61CD4Y,Cancelado
137,Iver,Roycroft,12057.000000,2,Q19BY0E,Demorado
138,Niels,Horrell,46835.000000,2,B35KS3V,En Horario
139,Illa,Spinola,28610.000000,2,F19AH7I,En Horario
140,Sergio,Apfelmann,50692.000000,3,M22JQ9X,Demorado
141,Tilly,Rickets,80039.000000,3,S85PZ3P,Demorado
142,Gavin,Pietz,67490.000000,2,Y94RE5E,Demorado
143,Kamila,Dory,54642.000000,2,X59ZU3F,Cancelado
144,Rory,Wall,23882.000000,2,I26QT5N,En Horario
145,Gaultiero,Ruperti,69939.000000,3,S13PJ4U,Demorado
146,Beatriz,Campaigne,53943.000000,2,I36LH8R,En Horario
147,Pierre,Umpleby,70634.000000,3,W56UN8R,Cancelado
148,Brendan,Pauncefoot,52934.000000,2,O88UC1E,Demorado
149,Cherise,Skamell,52927.000000,1,N37VK2J,En Horario
150,Reid,McKellen,73470.000000,3,F35ER7Q,Demorado
151,Nike,Perrygo,55351.000000,2,D71GL0X,Demorado
152,Dorey,Hegley,32476.000000,3,C86DM4O,Demorado
153,Woodie,Dunphie,33767.000000,2,U49AP7F,Cancelado
154,Shay,Absolom,81393.000000,2,M00RU4E,En Horario
155,Lyn,Jahan,91848.000000,1,L82YS9A,En Horario
156,Lorry,Sansbury,32531.000000,2,M43YO0T,En Horario
157,Brandtr,Paumier,81811.000000,1,A00HB9P,Demorado
158,Faye,Fairbrother,45709.000000,3,E24TO9O,En Horario
159,Veradis,Grahlmans,45472.000000,3,K29FJ4B,Demorado
160,Trever,Dive,49422.000000,2,C92XW0M,Cancelado
161,Evania,Barbara,57212.000000,3,X19RN6Q,En Horario
162,Wyatt,Gitthouse,96723.000000,2,C45KY1F,Demorado
163,Talbot,Gimson,83340.000000,1,G41ZN9K,Demorado
164,Charlotte,Tocqueville,56943.000000,2,J65YN7L,Demorado
165,Timi,Vellden,14118.000000,2,M10HE4Y,Demorado
166,Fancy,Stede,27217.000000,3,C67QW9M,Demorado
167,Van,Garioch,42183.000000,1,T52MW1F,En Horario
168,Merrilee,Fibben,92900.000000,3,Y56RN2W,En Horario
169,Bambi,Wyrill,62326.000000,3,J46SI1B,Cancelado
170,Jarid,Tuft,49005.000000,3,I14EE1E,Cancelado
171,Erin,Bernardy,26760.000000,2,C77VJ5E,Cancelado
172,Martica,O'Dennehy,77474.000000,1,E29LH4D,En Horario
173,Gabriele,Piggott,32956.000000,2,G13WK4Q,Cancelado
174,Helaina,Mandeville,13761.000000,1,F52QG1H,En Horario
175,Rebecka,Jemmison,23533.000000,3,T04KP7L,En Horario
176,Osbert,Corless,34873.000000,2,F73ZR0V,En Horario
177,Devina,Towlson,27127.000000,1,U86LO1E,Cancelado
178,Maribel,Osinin,15304.000000,2,N23JS4B,Demorado
179,Isadora,Delieu,93789.000000,1,D94XH7H,En Horario
180,Ailene,Shrawley,88425.000000,2,Z28IC6M,Demorado
181,Roman,Lampl,43055.000000,3,H70SD3U,Demorado
182,Cristina,Cosgrove,73473.000000,1,W59NG0X,Cancelado
183,Rene,Dobkin,58011.000000,3,F43UE9Y,Demorado
184,Filippo,Collecott,71559.000000,1,B62RZ0R,En Horario
185,Ciro,Borgesio,11572.000000,3,N53JI4U,En Horario
186,Laurel,Wandrich,31710.000000,1,Q50QN2J,Cancelado
187,Aldin,Gerrietz,88093.000000,2,E17NO1O,Cancelado
188,Patricio,O'Scully,45680.000000,3,C52PU2N,En Horario
189,Early,Padillo,21728.000000,2,J41QF6T,En Horario
190,Cole,Cusack,49950.000000,3,H76QW7U,Cancelado
191,Tammie,Rycraft,65603.000000,3,L99YW0Q,Cancelado
192,Rafael,Trowle,89831.000000,1,K96IB8X,Cancelado
193,Gabrielle,Coudray,40038.000000,2,S01AG9E,En Horario
194,Steffi,Kennelly,64600.000000,3,X60FE0P,Cancelado
195,Milt,Frostick,51675.000000,2,C59HX0H,Cancelado
196,Giffy,Itzhak,64140.000000,2,L90KQ4R,Cancelado
197,Martguerita,Brokenshaw,74225.000000,3,N76EN2M,En Horario
198,Reinwald,Howler,78937.000000,1,Y62OU4D,Cancelado
199,Meier,Locket,47929.000000,3,T58UK1M,Demorado
200,Tybi,Hurry,60600.000000,3,A47ZU4J,Cancelado
201,Kimberly,Bobasch,67217.000000,2,S39QW4I,Demorado
202,Hana,Keane,96147.000000,1,P37DI6A,En Horario
203,Evan,Knill,86045.000000,1,S42RU5T,En Horario
204,Cloris,Chicchetto,16622.000000,1,S32PN3V,Demorado
205,Christine,Bertram,61995.000000,2,C66VY0R,Demorado
206,Kayle,Musicka,38798.000000,3,E15JA5E,Cancelado
207,Charlena,Urian,43457.000000,1,Y37TP6H,Demorado
208,Maud,Peaurt,89961.000000,2,J17LQ0V,Cancelado
209,Hattie,Axton,84992.000000,3,C07BN5K,Demorado
210,Meredith,Euplate,24461.000000,3,A09QQ2A,Demorado
211,Quentin,Delete,14874.000000,2,U53JY4M,Cancelado
212,Silvain,Matteucci,95775.000000,2,O49DL5O,En Horario
213,Robyn,Witterick,42106.000000,2,R06SI6M,Cancelado
214,Leticia,Wensley,58432.000000,2,Z89YC8I,Demorado
215,Robers,Scapelhorn,28240.000000,2,E34ZK6U,Cancelado
216,Milissent,Briereton,96437.000000,3,X53AX7J,Demorado
217,Diandra,Almak,76412.000000,1,R25KY9M,Demorado
218,Sofie,Alonso,50135.000000,1,P69RS4B,En Horario
219,Vilma,Hauxwell,80480.000000,3,V05SY5S,Demorado
220,Nicholle,Joesbury,91211.000000,1,J69IF8D,Cancelado
221,Mahmoud,Meco,83719.000000,2,S46CO6B,Cancelado
222,Randie,Margetts,70102.000000,1,G89ZX0Q,En Horario
223,Maddie,McComiskie,52142.000000,1,W05ZA2D,Demorado
224,Coop,Veljes,85763.000000,1,R17VT4H,Cancelado
225,Alika,O'Cahsedy,93780.000000,3,N78RK3M,Demorado
226,Alfreda,Rous,28340.000000,3,W35FC6W,Cancelado
227,Harmonie,Carayol,78696.000000,1,G15MZ3K,Demorado
228,Vanya,Bettis,82807.000000,2,P33AN2O,Cancelado
229,Zaria,Cherrison,60546.000000,1,Y91BU3H,Cancelado
230,Raynor,Corneille,63536.000000,1,F02JA6G,Cancelado
231,Micki,Gert,49884.000000,3,J57ML1K,Cancelado
232,Marianne,Botfield,63626.000000,2,E28XS1B,En Horario
233,Joana,Swiffin,46765.000000,3,H56CS1M,En Horario
234,Joshia,Frick,91523.000000,2,G42IS9J,En Horario
235,Ashley,Harbron,96714.000000,3,G85JA1X,Demorado
236,Octavius,Olivello,91522.000000,1,S23VM2H,Demorado
237,Elisabetta,Joel,67165.000000,3,P57US4O,Cancelado
238,Angus,Sworder,53340.000000,2,E69XC8D,Cancelado
239,Catherin,Fraschini,21592.000000,1,T75CT7L,Demorado
240,Emery,Woodard,41502.000000,1,X03AR3T,En Horario
241,Basile,Barhems,40258.000000,2,T93DZ0S,En Horario
242,Porty,Bogges,96284.000000,1,N70OQ8D,Cancelado
243,Claudette,Thomtson,79009.000000,3,S54UH9G,Demorado
244,Ange,Clulee,15438.000000,1,X19QS7T,Cancelado
245,Rosamund,Woltering,92936.000000,2,S73CB9Q,En Horario
246,Roddy,Pipes,15034.000000,1,V02KJ5Y,Demorado
247,Ted,Puttergill,70882.000000,1,U37EP9S,Demorado
248,Levy,Dudley,89339.000000,2,R74AD3W,Demorado
249,Kari,Bramstom,66859.000000,2,X69RA3L,En Horario
250,Elijah,Marder,14084.000000,2,A50MZ4H,En Horario
251,Dionisio,Lusgdin,86639.000000,3,U93UG4F,En Horario
252,Peria,Gridley,94442.000000,2,D01QJ4P,Demorado
253,Ailis,Bwye,52508.000000,2,Y45VX7K,Demorado
254,Dela,Lawford,36709.000000,2,V67XO0K,Cancelado
255,Evelina,Ziebart,57278.000000,2,L53UX3O,Cancelado
256,Lidia,Marie,89847.000000,1,S41YP2V,Demorado
257,Niall,Twiname,51133.000000,2,F10RT5T,Demorado
258,Boone,Reddlesden,30588.000000,3,J31TV7N,En Horario
259,Orsola,Alliker,82813.000000,1,F89US9S,Demorado
260,Clemmy,Kuhwald,21051.000000,3,F68FQ5C,En Horario
261,Nicola,Riccio,59186.000000,2,A49NX4S,Demorado
262,Arie,Thuillier,79937.000000,3,V31VL5I,Cancelado
263,Ninette,Abrahamson,43097.000000,1,V09UZ5Z,Demorado
264,Cissy,Ortas,52210.000000,2,L60HH3R,Demorado
265,Wandie,Kiossel,99277.000000,2,F21YB4T,En Horario
266,Avis,Fere,75027.000000,2,U77ZR5P,En Horario
267,Paolo,Viger,17826.000000,2,M29RJ8M,Demorado
268,Lanie,De Hoogh,64763.000000,2,V81NI0W,Demorado
269,Crystie,Pavlasek,50241.000000,1,F57WX5A,En Horario
270,Valentijn,Bogges,99763.000000,2,P16ZV3L,Cancelado
271,Viviyan,Biddles,55082.000000,3,Q40CL0T,Cancelado
272,Theresita,MacDaid,51389.000000,3,E59ZO8D,Cancelado
273,Giselle,Arendt,90361.000000,2,U90FT3H,Demorado
274,Cob,Bare,50053.000000,1,Y02WS5K,Demorado
275,Kimberly,Comazzo,34923.000000,3,X15FP8H,Cancelado
276,Georgetta,Siggs,97955.000000,2,U39DE0E,En Horario
277,Cassie,Chifney,57079.000000,2,U75BH9U,Demorado
278,Jessica,Hindenberger,30861.000000,1,X84GT1Z,En Horario
279,Jim,Rowston,79615.000000,2,T82NO4L,En Horario
280,Tod,Knell,83699.000000,2,K33EU3K,Demorado
281,Ellery,Jobin,89117.000000,3,V22UT5B,Cancelado
282,Osmund,Drinnan,19783.000000,2,H18MW8C,En Horario
283,Christoph,Osgordby,69561.000000,3,F82HJ4N,Demorado
284,Addie,De Ath,79086.000000,1,U29QN6X,En Horario
285,Marcelo,Burdon,80286.000000,3,E61OE2Q,Cancelado
286,Yorgo,Bool,56147.000000,1,Q54YG3F,En Horario
287,Franky,Causer,16925.000000,3,H30AL9H,Cancelado
288,Gladys,Sydall,92097.000000,1,S29TF7L,Demorado
289,Philipa,MacHarg,90889.000000,1,T00TA3H,Cancelado
290,Benedetto,Swenson,78049.000000,1,A28IO5V,Demorado
291,Bucky,MacKowle,11085.000000,3,P33SK8V,Demorado
292,Cathe,Corah,73191.000000,1,I84SX8S,Cancelado
293,Michelina,Malbon,47873.000000,3,A60DG3S,En Horario
294,Penni,Maylam,23600.000000,3,U93NG2X,Cancelado
295,Belle,Keitley,98337.000000,2,Q27XW3Z,Cancelado
296,Trey,Jostan,58829.000000,3,B69XN5C,En Horario
297,April,Bernaldez,71837.000000,2,W70SR3P,Demorado
298,Winna,Dewicke,79556.000000,2,S85ZL8U,Cancelado
299,Enrika,Ellershaw,39271.000000,1,B25EM0Q,Cancelado
300,Lanae,Rosendale,80074.000000,2,A38ZN1V,En Horario
301,Arron,Finlayson,43623.000000,1,E43RR6S,En Horario
302,Annamaria,Mattioli,60806.000000,2,G09WV5L,En Horario
303,Felipa,Kirkebye,74486.000000,1,Q86TI1Y,Cancelado
304,Nelia,Alchin,44913.000000,2,O05JY7B,En Horario
305,Codie,Corteney,33969.000000,1,A06WA2F,Cancelado
306,Ynez,Braganca,63408.000000,2,F02MX4D,Demorado
307,Loise,Marchello,63612.000000,1,Q16UU6L,Cancelado
308,Diarmid,Tuffrey,67658.000000,1,J52QE3T,Demorado
309,Jordain,Boutellier,90954.000000,3,D20AA8J,Cancelado
310,Bart,Zottoli,17400.000000,2,W00VV5O,En Horario
311,Brandais,Phillot,66290.000000,1,G64TV4S,Cancelado
312,Raimund,Annies,47158.000000,1,S29YI2Y,En Horario
313,Patrizius,Ponte,61151.000000,3,Y64NP2Y,En Horario
314,Grover,Cicculi,48597.000000,3,T84FS0J,Cancelado
315,Rickie,Palatini,19458.000000,2,W53SR4A,Cancelado
316,Rudiger,Marsie,92812.000000,2,I71DU0J,Cancelado
317,Yalonda,Filintsev,16632.000000,1,O18WL3I,Cancelado
318,Kahaleel,Toquet,12129.000000,3,I15IO2O,Demorado
319,Madelyn,Cansdell,53265.000000,1,P15GO1F,En Horario
320,Cyndie,Cubuzzi,93222.000000,2,D03AX9R,Cancelado
321,Donni,O'Flannery,91658.000000,2,G95VI7C,En Horario
322,Millie,Pimer,63557.000000,1,N29EK2L,En Horario
323,Aeriell,Springtorpe,54306.000000,1,O87SJ7W,Demorado
324,Veda,Shepherdson,72017.000000,2,K37KP7W,Demorado
325,Javier,Midford,34938.000000,2,Z69TK3L,Demorado
326,Cissiee,Plumb,57560.000000,2,I38EQ6V,Cancelado
327,Cassie,Posnett,63800.000000,2,G23UG4N,Cancelado
328,Kit,Cahen,42715.000000,3,Q55HM8F,Cancelado
329,Peria,Hutcheon,73498.000000,1,O53SP0X,Demorado
330,Ozzie,Torfin,94624.000000,3,U27BK6B,En Horario
331,Averil,Lowfill,37783.000000,1,M75XU1H,Cancelado
332,Kermie,Donoher,66359.000000,2,A38HB9A,Cancelado
333,Randy,Bawden,20701.000000,1,V15FG4R,Cancelado
334,Dill,Heatley,72578.000000,2,H79CW2E,Demorado
335,Jerrilee,McVity,49967.000000,1,Z79UN8N,En Horario
336,Blisse,Merill,81005.000000,1,A91VX7Z,Demorado
337,Eilis,Cowtherd,67751.000000,3,Y77KP5R,Cancelado
338,Irena,McCreery,50977.000000,2,B78DZ3M,Demorado
339,Evelyn,Hatherley,53675.000000,3,Y13IZ1M,Demorado
340,Caty,Ridley,52754.000000,3,J73GT8X,En Horario
341,Adrien,Awton,87190.000000,2,U92ZJ2Q,Cancelado
342,Tessy,Bogays,44860.000000,1,A96PN2P,En Horario
343,Caprice,Jobson,59572.000000,1,I92RJ8L,Cancelado
344,Raimondo,Haken,71868.000000,2,A82LW8R,Cancelado
345,Thomasina,Langthorne,73520.000000,3,P86UW5O,En Horario
346,Graig,Leworthy,82383.000000,2,B35VJ6K,Demorado
347,Kelley,Jurgenson,23916.000000,1,Y20WE3Q,En Horario
348,Kirbee,Stern,83468.000000,1,H99IN6I,Demorado
349,Blanca,Brik,25587.000000,3,O04MF1M,Cancelado
350,Marissa,Drayson,56304.000000,1,G81EO1J,Demorado
351,Filberto,Geeve,43384.000000,1,G23XS6A,Demorado
352,Karalee,Bugden,43855.000000,1,G96JV6S,Demorado
353,Kalindi,Kinnen,75610.000000,3,W58ZW6G,En Horario
354,Elsie,Jinkin,66957.000000,1,X62BZ4V,En Horario
355,Janka,Morcomb,19338.000000,1,B38RR9H,Demorado
356,Napoleon,Loynton,50946.000000,2,C46RS2R,Cancelado
357,Marshall,Morteo,18085.000000,3,S51KF4N,En Horario
358,Alvera,Hamly,55018.000000,3,D77LL7R,Demorado
359,Ricky,De Carolis,55086.000000,1,P85VC3X,Demorado
360,Evered,Bellam,58019.000000,1,O08UC0R,Demorado
361,Candie,Frays,24935.000000,1,T83GA0P,En Horario
362,Lock,Kirwin,21530.000000,3,Q38QN4Y,En Horario
363,Emelda,Laffling,83030.000000,1,N95SP1E,Cancelado
364,Errick,Downer,84135.000000,2,L78JN7S,En Horario
365,Paulie,Giacovazzo,91272.000000,1,E85ZG7W,Demorado
366,Cornela,Jones,62730.000000,1,N71FD5D,Cancelado
367,Connie,Catling,73953.000000,2,O36NV6R,Cancelado
368,Jedediah,Patrick,97550.000000,1,U94HV7C,Demorado
369,Ora,Wallbanks,26540.000000,2,W62ZP2M,Cancelado
370,Ruthie,Cumberland,51420.000000,2,O81IL4O,Cancelado
371,Brittaney,Seacroft,91023.000000,1,X91QH8H,Cancelado
372,Jimmie,Carbert,51844.000000,1,A45MD1Z,En Horario
373,Pearce,Sackes,17958.000000,1,M17YG1I,Demorado
374,Guglielmo,La Grange,87755.000000,1,Y87XY9P,En Horario
375,Robby,Searle,19877.000000,2,L19YG5A,Demorado
376,Cletus,Muston,23770.000000,2,H80CF5V,Demorado
377,Frederik,Croal,98465.000000,2,L99MF0U,Cancelado
378,Conni,Sambell,40860.000000,3,Q07SR6I,Cancelado
379,Rockwell,Karleman,71001.000000,3,F97CX0Y,Cancelado
380,Rafaello,Turtle,23071.000000,2,O33DY9H,Demorado
381,Galvin,Rodson,42994.000000,2,H39QI8H,Cancelado
382,Clarance,Salerno,49475.000000,3,Q70CJ5W,En Horario
383,Oswell,Tonna,78150.000000,1,G81JR1P,En Horario
384,Kaiser,Coppin,42243.000000,2,Q58TJ4S,Demorado
385,Madison,Streets,13638.000000,1,W80NF3K,Demorado
386,Hayden,Le Blanc,71369.000000,2,H39GI4R,Cancelado
387,Brittni,MacAskie,55722.000000,3,G03IN6Z,Demorado
388,Judy,Bickerstaffe,19259.000000,2,X39TM7V,Cancelado
389,Janice,Ivankov,59919.000000,3,Y62CZ3B,Demorado
390,Bekki,Grey,94514.000000,1,H74KS2D,Demorado
391,Concettina,Pocock,96638.000000,1,B56BV1C,Demorado
392,Renelle,Cockman,17486.000000,2,U36ED5E,En Horario
393,Carlos,Lanphier,26643.000000,1,U75PH9X,Cancelado
394,Nancey,Labusch,28530.000000,2,O35TE8J,Demorado
395,Dorothy,Stanwix,24947.000000,1,E77BP5G,Cancelado
396,Lark,Lilion,50286.000000,1,I61YJ0T,Demorado
397,Genia,Lesslie,15372.000000,3,N68SG4S,En Horario
398,Thane,Hurdwell,81057.000000,2,E59TB1O,En Horario
399,Lay,Youngman,31032.000000,1,Y77CH6S,En Horario
400,Iorgos,Gostall,78149.000000,1,C81IN4I,Demorado
401,Lyn,Nicholes,99187.000000,3,X08SU2F,Cancelado
402,Garfield,Jessett,78189.000000,1,C77XI7O,Cancelado
403,Tonie,Arnault,67589.000000,1,E21OM2V,Cancelado
404,Filia,Grimsdith,41331.000000,3,O40IZ1E,Cancelado
405,Mitzi,Cowerd,74221.000000,2,K73CA8Z,Demorado
406,Meryl,Dany,65551.000000,1,E26OY6L,En Horario
407,Adi,Habershaw,19025.000000,1,M15KA3X,Cancelado
408,Perice,Pendleton,10245.000000,3,U23CH6B,Demorado
409,Willabella,Lyttle,52347.000000,2,K61HQ5Z,Demorado
410,Yolande,Ellse,85925.000000,3,C16EN1Y,Demorado
411,Traver,Carradice,27646.000000,3,F07BN1I,Demorado
412,Rubina,Blodgett,95206.000000,2,N54ZB5M,Cancelado
413,Ferrel,Maso,66135.000000,3,I16BJ7Z,En Horario
414,Lauryn,Shadfourth,73244.000000,3,M67XW9V,Demorado
415,Myrtie,Bursell,29854.000000,3,V16ZE5P,Cancelado
416,Valle,Bonn,42597.000000,3,H92NE9V,Cancelado
417,Goddard,Grimsdale,75092.000000,1,U25BQ9N,Cancelado
418,Lavinia,Risebarer,48115.000000,3,I87UF3O,Demorado
419,Kara,Bessey,14669.000000,2,J17AP7X,En Horario
420,Gerome,Bellinger,12367.000000,1,M39ME3Y,Cancelado
421,Laetitia,Hourican,25122.000000,3,Q32HY9Z,Demorado
422,Ozzy,Valentin,54054.000000,1,L21DL2T,En Horario
423,Adriane,Westmarland,63759.000000,3,N47OD4M,En Horario
424,Ibby,Kynder,90689.000000,1,P58JO0G,Demorado
425,Babb,Larvin,40044.000000,1,J75LV0W,Cancelado
426,Martynne,Avison,78493.000000,1,B59XK1N,Cancelado
427,Byrle,Corbert,98574.000000,2,G06RO5N,Demorado
428,Ellerey,Tallquist,53250.000000,3,L89CU5A,Cancelado
429,Lydia,Kopacek,35820.000000,2,C55LC4R,En Horario
430,Nye,Liger,30688.000000,3,O58NH5R,En Horario
431,Sayres,Pargent,28905.000000,1,H04TH0V,En Horario
432,Khalil,Duckerin,46310.000000,2,H58QQ0U,En Horario
433,Aguistin,Danielut,69168.000000,1,R86PH3Q,Demorado
434,Ferdinanda,Bewfield,48866.000000,2,N30OE3H,Cancelado
435,Sunny,De Micoli,54432.000000,2,X41JW3S,Demorado
436,Jinny,Beagin,51987.000000,3,J28KZ9C,Demorado
437,Petronia,Kivlin,93838.000000,1,U86ZG5O,En Horario
438,Filide,Beney,65445.000000,3,Z25EU1D,Cancelado
439,Michal,O'Corr,89054.000000,2,K64XH1I,En Horario
440,Crichton,MacAnellye,45711.000000,2,H18AL3B,Demorado
441,Evelina,Sendall,76199.000000,3,N01UH8U,En Horario
442,Marthe,Bortolozzi,46369.000000,2,D87EY8Q,En Horario
443,Lexi,Sudddard,41641.000000,2,S12RY0I,En Horario
444,Norah,Worsfold,11517.000000,1,V27TI1V,Demorado
445,Carver,Gallego,16440.000000,3,I22NI8I,En Horario
446,Bella,Pargeter,82438.000000,2,V20KG0M,En Horario
447,Grata,Carrodus,35939.000000,2,H95JO2M,Demorado
448,Llewellyn,Laffan,27538.000000,1,C67PG9S,En Horario
449,Sharia,Lohering,85718.000000,2,M97IU9I,Demorado
450,Bradan,Bride,83841.000000,3,Q61II0R,En Horario
451,Giuseppe,Lanaway,97151.000000,2,K53OF9Y,Cancelado
452,Roselin,Cockayne,47498.000000,1,T72AS3L,Cancelado
453,Caryl,Huxton,88596.000000,2,P03HY7I,Demorado
454,Otes,Twelvetree,25246.000000,2,F64ZB2V,Demorado
455,Malvina,McShea,12597.000000,2,F04OX8Y,En Horario
456,Heindrick,Lerego,89031.000000,3,U79HA6D,Cancelado
457,Myron,Birmingham,35036.000000,3,D34HO1P,Demorado
458,Antoni,Poynton,98709.000000,1,O62HJ4L,Demorado
459,Malissa,Kighly,45049.000000,2,S92AH9C,Cancelado
460,Avril,Sporner,61153.000000,1,P16FB9R,Cancelado
461,Vanda,Gerlack,26491.000000,1,N54ZE7L,Demorado
462,Fidela,Poulden,28390.000000,2,M09OI2N,Demorado
463,Geoffry,Benting,79774.000000,3,F51LN4E,Demorado
464,Casie,Pittaway,56039.000000,2,S77UP3F,En Horario
465,Nigel,Nusche,43869.000000,3,D80UC7J,Cancelado
466,Christie,Harniman,63549.000000,3,P72OJ9L,Demorado
467,Izak,Gummer,20805.000000,3,O67DC5V,Demorado
468,Jethro,Dewerson,24029.000000,1,C23IV5X,Demorado
469,Lucilia,Growcott,36252.000000,2,V61UN1J,En Horario
470,Dedra,D'Aulby,48530.000000,3,J16RV9X,Cancelado
471,Lowrance,Milam,28244.000000,2,A70KC6E,Cancelado
472,Holly,Rodgers,99584.000000,3,P28PH7Q,En Horario
473,Florinda,Slora,63253.000000,2,Y60YN0P,Demorado
474,Hillie,Hingeley,32834.000000,2,B37AL0Q,En Horario
475,Cyrill,MacQuarrie,49174.000000,2,Q63XT5R,Cancelado
476,Alwin,Setterthwait,72431.000000,2,N04HL2K,Cancelado
477,Ring,Madrell,27395.000000,3,R59CX6J,Cancelado
478,Albina,Glaves,42814.000000,3,I24ZB1T,En Horario
479,Scarlett,Ferriday,17295.000000,2,Y56XP1J,En Horario
480,Odelia,Jephcott,89619.000000,1,P87IU8B,En Horario
481,Merle,Loynes,87871.000000,2,A17UR4Y,Cancelado
482,Adolpho,Knill,60866.000000,2,I30KO1B,Demorado
483,Georgeanna,Witul,16398.000000,2,O57SR5K,Cancelado
484,Aurelia,Narramor,41505.000000,1,F60FF4Z,En Horario
485,Ally,Comber,15005.000000,2,B32KQ8B,En Horario
486,Skipp,Gotobed,82301.000000,1,D19WY6C,Cancelado
487,Albie,Meikle,42627.000000,2,Q47MC5R,En Horario
488,Efrem,Gerren,34826.000000,3,Z49IC5R,En Horario
489,Enrika,Chanter,10274.000000,2,E51UA4O,En Horario
490,Hallsy,Frears,82846.000000,2,X17PI0M,En Horario
491,Merrile,Scowen,66539.000000,1,Z70WL8H,Demorado
492,Inger,Woolis,97889.000000,3,V47XH4T,Cancelado
493,Austina,Gaytor,31361.000000,3,B11KU9H,En Horario
494,Ulrikaumeko,Gadman,87762.000000,1,Y28ON8G,En Horario
495,Rosie,Plumm,62734.000000,3,C27QO3B,En Horario
496,Andrea,Lightbown,40200.000000,1,A13HC9F,Demorado
497,Evered,Grafton,48044.000000,2,R61GC0Y,En Horario
498,Greta,Vannini,51341.000000,1,B15GV2E,Demorado
499,Zacherie,Mordan,86385.000000,3,B34TJ1B,Cancelado
500,Bonni,Biffin,33507.000000,1,Q46VG0J,Cancelado
501,Pauletta,Gertray,77901.000000,1,Y39ZD5I,En Horario
502,Celinda,Hassen,65851.000000,2,A13GI1N,En Horario
503,Ezechiel,Guiot,64018.000000,3,K53PV3W,Demorado
504,Carlene,Maus,28610.000000,2,U99BU1O,En Horario
505,Galvin,Pooly,37210.000000,2,J69PG6V,Demorado
506,Riane,Fall,23759.000000,3,G13SZ8S,En Horario
507,Shelby,Jeckell,24233.000000,3,E00TO8Q,Demorado
508,Kamila,Firebrace,31123.000000,3,E10JE5L,Demorado
509,Marlene,Eleshenar,64805.000000,3,I63OJ0T,Cancelado
510,Linzy,Mintram,65551.000000,3,Q82CA6H,Cancelado
511,Giraud,Herkess,87152.000000,3,E51JF9A,Cancelado
512,Eudora,McGeechan,51516.000000,3,B49FT1L,Demorado
513,Avrom,Gregine,87836.000000,1,W10DF4M,En Horario
514,Hakeem,Stirling,32916.000000,3,U10BE8R,Demorado
515,Uta,Bernlin,57785.000000,2,Y38KS0H,Cancelado
516,Darrick,Stable,23831.000000,3,G36HO1W,Demorado
517,Oliver,Acarson,82444.000000,3,A70SC1V,Demorado
518,Ginni,Dunsire,40997.000000,3,H51LF4O,En Horario
519,Ethan,Cattle,31902.000000,1,B84SQ6F,Cancelado
520,Bethanne,Dodson,52649.000000,3,Y14FT1K,Demorado
521,Hermina,Allon,45359.000000,1,J97HV9B,Cancelado
522,Delinda,Richfield,18942.000000,1,I56IN7N,Demorado
523,Sybille,Daniells,65486.000000,2,P25CK5S,En Horario
524,Rhodie,De Giorgis,44354.000000,2,P82FG7D,Demorado
525,Stoddard,Gynni,22028.000000,3,Z90SM8P,Demorado
526,Wilmer,Good,59910.000000,3,N72BW4J,Demorado
527,Leelah,Lello,65740.000000,3,M10WX8G,Cancelado
528,Padraic,Wilmut,91233.000000,2,R62OR1P,Demorado
529,Cristobal,Dresser,77567.000000,3,Z28BE6W,Cancelado
530,Pacorro,Couchman,50871.000000,1,O78KI0Y,Demorado
531,Darrin,Greengrass,64344.000000,3,A80MH5J,En Horario
532,Delinda,Leser,24550.000000,1,X96JW7I,Cancelado
533,Philippa,Folbig,80097.000000,1,N95WH0S,En Horario
534,Chiquia,Huckfield,71564.000000,3,D31US4B,Demorado
535,Siegfried,Hurdle,57694.000000,1,A09GY7A,Cancelado
536,Audry,Tremmil,90092.000000,2,J57KE3U,En Horario
537,Charin,Gatecliffe,58803.000000,1,O09PS4A,Cancelado
538,Egor,Najera,10138.000000,3,N12HW4M,Demorado
539,Neille,Phaup,19015.000000,2,K92MX3L,Demorado
540,Freda,Bareford,38639.000000,2,X22OX5Z,Demorado
541,Kerrill,Haw,69651.000000,3,I54OB9I,Demorado
542,Bondie,Schimann,43380.000000,3,K35EG0Q,Cancelado
543,Bentlee,Dahlen,32522.000000,3,Y67DP3I,En Horario
544,Rhianon,Covington,87604.000000,1,W96SV1V,Cancelado
545,Blayne,Belvard,38028.000000,1,B43ZA4S,En Horario
546,Enrica,Jarrel,39696.000000,1,D04SJ1A,Demorado
547,Cirilo,Haggart,70942.000000,1,C74KE9K,Cancelado
548,Amargo,Challicombe,54069.000000,3,Z42OJ5D,Cancelado
549,Kit,Jozwik,94629.000000,1,X81YX2R,Cancelado
550,Gloria,Maliphant,49531.000000,1,H78MC9U,Demorado
551,Maison,Riggulsford,50128.000000,1,Z10MP6K,Demorado
552,Selena,Channer,81610.000000,1,S27EV4E,Cancelado
553,Chiquia,Jeaycock,31019.000000,3,P81LT2T,Cancelado
554,Sarah,Standage,70249.000000,3,Q95RQ2Q,Demorado
555,Marybelle,Middlemiss,47736.000000,1,D28KP2N,Cancelado
556,Patsy,Dundridge,80896.000000,2,N95RM0N,En Horario
557,Odille,Allington,61282.000000,3,B65AT9K,Cancelado
558,Marshall,Posse,96770.000000,3,H32DH4B,En Horario
559,Lorita,Ashworth,74109.000000,2,L61JR7L,Demorado
560,Bearnard,Ovington,20836.000000,1,Y58ZV2W,Cancelado
561,Lara,Tailby,20287.000000,1,M99TA2X,Cancelado
562,Liz,Turbefield,98619.000000,1,L68DR1L,En Horario
563,Latashia,Keeble,63179.000000,3,V40CV7A,En Horario
564,Emery,Feares,46441.000000,3,B78FW7E,Demorado
565,Seline,Dennett,64196.000000,1,S23IU9V,Cancelado
566,Maris,Dangerfield,59358.000000,1,G41AE4K,En Horario
567,Peta,O' Donohue,27825.000000,3,N53LM4C,Demorado
568,Catlee,Stebbings,39497.000000,1,O65SZ6U,En Horario
569,Phoebe,Outerbridge,69703.000000,2,Q08CD3A,Demorado
570,Ronna,Rann,18721.000000,3,Y20IH1U,Cancelado
571,Maryann,Driver,30161.000000,1,E09SE2Q,Cancelado
572,Venus,Saer,97188.000000,1,S77TP4Z,En Horario
573,Stearn,Templar,72881.000000,2,X59YA5T,En Horario
574,Winfield,Fairlam,10374.000000,3,P29AP7B,Demorado
575,Miner,Lergan,94722.000000,3,O91YA0G,Demorado
576,Carl,MacArte,17289.000000,1,C72NE5C,Demorado
577,Willamina,Jowett,67319.000000,3,Q26AP8G,Cancelado
578,Graeme,Crauford,30937.000000,1,N92RM8P,En Horario
579,Lowe,Stansall,78877.000000,3,S72WV7X,En Horario
580,Mandel,Artharg,11528.000000,1,K60GE2U,En Horario
581,Sydney,Verdy,75440.000000,2,Q65QB3W,Cancelado
582,Tabbatha,Wickersley,92257.000000,1,N09AA2B,Cancelado
583,Brew,Ibarra,86820.000000,1,C53GB8L,Demorado
584,Maison,Auty,84799.000000,1,V90NT5E,Cancelado
585,Audre,Sargant,61060.000000,1,F01QJ5O,En Horario
586,Derk,Metcalfe,67215.000000,1,U37GW6T,En Horario
587,Nestor,Neesham,75240.000000,1,Z78VB7Q,Demorado
588,Jeana,Pittford,83026.000000,1,M71VO2A,En Horario
589,Skipper,MacGilpatrick,77168.000000,3,Y04UQ5Y,En Horario
590,Clair,Layzell,95518.000000,3,I91AX2M,En Horario
591,Sheelagh,Forestel,74619.000000,3,K19FP1P,Cancelado
592,Rheta,Brookwell,35465.000000,1,T43IN7C,En Horario
593,Neil,Durrand,89817.000000,1,Y15QG9C,Demorado
594,Reg,Pellingar,70197.000000,3,O07AI4P,Cancelado
595,Franny,Dullingham,50312.000000,1,Z89YM1W,Demorado
596,Jaclin,McCurley,34508.000000,3,V47XV1D,Cancelado
597,Emeline,Outibridge,49004.000000,3,O61NN3Y,Cancelado
598,Markus,Lilleycrop,43847.000000,1,L30NN8F,Demorado
599,Malory,Elia,64260.000000,3,L35DM3E,Cancelado
600,Leo,Heaford,18385.000000,2,O42CK9J,Cancelado
601,Vanni,Hannen,49897.000000,1,C26MT6B,Demorado
602,Valentine,Snelgar,48199.000000,1,P14RD6H,En Horario
603,Jaquelyn,Arnoult,69962.000000,2,J68KO8J,Demorado
604,Wernher,Winser,23221.000000,3,L28TN1C,Demorado
605,Evita,Greatorex,56720.000000,1,K57VB8O,En Horario
606,Pascal,Rapaport,85738.000000,3,O61XS7F,En Horario
607,Josselyn,Serjent,16516.000000,1,X98OF4C,Demorado
608,Geoffrey,Grabban,93285.000000,3,A27YP9V,Cancelado
609,Bronson,Whates,35231.000000,3,Q73HN0M,Demorado
610,Dorian,Roelvink,26758.000000,2,L80XK8U,En Horario
611,Shayna,Turk,98326.000000,2,A34WY8E,Demorado
612,Erika,Sertin,21239.000000,2,G77HE2T,Demorado
613,Stephanus,Dealy,40907.000000,2,Y06GK5F,En Horario
614,Jemmie,Yates,10781.000000,2,S65QO5H,Cancelado
615,Gilli,Corain,90010.000000,3,R91TK7L,Cancelado
616,Cissy,Meese,63455.000000,2,U22RG5Q,Demorado
617,Devina,Kieran,49731.000000,3,M54PJ0Z,Demorado
618,Elissa,Keave,87231.000000,3,S76QS2I,Cancelado
619,Collette,Toogood,69078.000000,3,Z76LV4V,En Horario
620,Tedda,Freeth,71148.000000,2,H59SO1D,Cancelado
621,Bendick,Oxford,21455.000000,1,E13AU4K,En Horario
622,Josepha,Branney,41630.000000,1,S91MA3Q,Cancelado
623,Cinnamon,Castelluzzi,69692.000000,3,Q68BF7O,En Horario
624,Kareem,Mackerel,53359.000000,2,I31KB4Y,En Horario
625,Chalmers,Sallinger,37403.000000,2,O13MS9N,Demorado
626,Emily,Farn,46480.000000,2,D79NM8S,En Horario
627,Jeff,Redparth,67210.000000,1,I87MT4D,Demorado
628,Louisette,Herity,99043.000000,1,Y61VD1K,Cancelado
629,Bernadene,Boerderman,83179.000000,1,K28YB5B,Demorado
630,Lilly,Antal,53599.000000,2,Y30PS9N,Cancelado
631,Alphonso,Lyon,41644.000000,3,G65QL1S,Cancelado
632,Arabelle,Worwood,74985.000000,2,Q15CP1C,En Horario
633,Chryste,Creffield,53481.000000,3,J25QQ4H,En Horario
634,Aloysius,Sawtell,94973.000000,2,J88GA0N,Demorado
635,Merci,Lofthouse,57652.000000,3,Q49EI8G,Cancelado
636,Maurita,Thacke,33031.000000,3,B23PS0Z,Cancelado
637,Hyatt,Dyte,62349.000000,1,G09MT7Z,Demorado
638,Andrea,Vayne,77463.000000,3,J84BV3I,En Horario
639,Galen,Birdwhistle,81160.000000,2,B00ZP7K,Demorado
640,Darcee,Hellsdon,70854.000000,3,Z41TU6F,En Horario
641,Goldi,Grealey,60405.000000,1,E61ZB8O,Demorado
642,Jenine,Copcott,48122.000000,3,Z54TR5M,En Horario
643,Anet,Spivey,65729.000000,3,B19QJ2J,En Horario
644,Hilario,D'Aulby,92359.000000,1,U44KQ7L,Demorado
645,Ashlee,Roseborough,18969.000000,1,Y12KN1L,En Horario
646,Bing,Barnaby,14493.000000,3,E09FC3H,Demorado
647,Ardra,Zapater,24350.000000,1,P14CC1P,Cancelado
648,Ethelbert,Franseco,94494.000000,2,C05YJ2F,En Horario
649,Esme,Hellsdon,20182.000000,2,N71GK3M,Cancelado
650,Barbabra,Quakley,36317.000000,2,K07JO3S,En Horario
651,Tiphani,Hansill,70281.000000,3,C12JW4X,Cancelado
652,Katinka,Surmon,15530.000000,1,H04XH9F,Demorado
653,Rafaelita,Sommerland,58750.000000,3,E36RC2C,Cancelado
654,Brett,Tortoishell,71876.000000,3,E01DP3Q,Demorado
655,Gaile,Haxley,46793.000000,3,S15TJ1H,Demorado
656,Iolande,Avrasin,84237.000000,3,S79TR3B,En Horario
657,Monro,Kurten,50329.000000,2,N57CH7K,Cancelado
658,Ilyse,Dyott,99059.000000,1,C86IE1D,Cancelado
659,Em,Rubinowicz,65960.000000,1,F77LI3U,Cancelado
660,Hana,Simonot,83598.000000,1,G72OO8G,En Horario
661,Bertie,Jehan,65202.000000,2,H02RM2J,Demorado
662,Gustie,Reinbech,86746.000000,1,O52UU2S,En Horario
663,Corene,Mc Comb,74011.000000,2,V04XN0D,Cancelado
664,Sallyann,Van de Castele,11749.000000,1,F74LS7O,Demorado
665,Jacky,Bullion,67229.000000,3,L64SF8Z,Demorado
666,Antonietta,Faussett,38570.000000,2,B51NQ8U,Demorado
667,Barbee,Sprull,24620.000000,2,V70NX8N,Demorado
668,Patricio,Saill,27120.000000,3,A32PU4E,Demorado
669,Alexio,Lauderdale,82510.000000,2,J01UG0H,En Horario
670,Sheelagh,Godlonton,91334.000000,1,S41CL6U,Demorado
671,Minerva,Battrum,66659.000000,2,E70AO7D,Demorado
672,Mario,Groombridge,62377.000000,2,H23BI5R,Cancelado
673,Karena,Rollings,87961.000000,2,Y11SD0R,Cancelado
674,Frazer,Soughton,29311.000000,1,U28YT5G,Cancelado
675,Avigdor,Noods,48591.000000,1,V59VX6P,Cancelado
676,Arlan,Shucksmith,70793.000000,3,L15IX2N,En Horario
677,Candi,Blakebrough,42160.000000,1,I72QQ0X,Cancelado
678,Trent,Carnachen,82752.000000,2,R66CU3S,En Horario
679,Thaxter,MacKenny,99884.000000,1,W09ZC3X,Cancelado
680,Richie,Romanet,47835.000000,2,K44LT7Z,Demorado
681,Gianina,Hornig,97467.000000,3,I49ZJ1G,En Horario
682,Richard,Bladesmith,61814.000000,3,A48LH6V,Cancelado
683,Anatole,Lusk,75424.000000,2,Y05SM3L,Cancelado
684,Griz,Sturdey,40811.000000,2,V87YL4W,Cancelado
685,Bertha,Danielut,26485.000000,1,C23CB5Y,En Horario
686,Lion,Stiven,37940.000000,3,Y04FX6X,En Horario
687,Roby,Ouslem,27490.000000,1,K76LY4Z,Cancelado
688,Melita,Crush,15797.000000,2,W17CB3U,Demorado
689,Juline,Martinuzzi,59564.000000,2,N53BN6T,Cancelado
690,Alisun,Kerrod,56368.000000,1,Z68DY5W,Cancelado
691,Daisi,Norwood,68949.000000,3,W10MQ0Z,En Horario
692,Jaquith,Hatliff,73289.000000,3,B28XN2Y,Cancelado
693,Bryn,De Gregario,20116.000000,1,M29KL1Q,Demorado
694,Traver,Swaby,31208.000000,2,C10NP0K,Demorado
695,Cordy,Skala,19043.000000,1,G55DP7L,Demorado
696,Royce,Keuning,19143.000000,3,E90IG9R,Demorado
697,Shermy,Witty,94472.000000,1,A78QL4L,Demorado
698,Alexis,Grady,44601.000000,2,V12GZ2U,Demorado
699,Gertrude,Ipplett,32502.000000,3,P49UO5Q,En Horario
700,Lewes,Degenhardt,13097.000000,3,T15UZ7Q,Demorado
701,Norene,Sedgmond,12213.000000,3,Z84QF4U,Cancelado
702,Lexine,Paoloni,38397.000000,1,J62VN5G,Cancelado
703,Kaspar,Ast,58886.000000,3,R15ZG2I,Demorado
704,Ursa,Copcote,16674.000000,3,W84MY5A,Demorado
705,Roxine,Brennenstuhl,28411.000000,3,P06AV3P,En Horario
706,Geoffrey,Leynton,60056.000000,2,J97TH6I,En Horario
707,Ilka,Keerl,22081.000000,3,Q44BM2W,En Horario
708,Jeane,Chaucer,87928.000000,2,B97HB6Y,Demorado
709,Margalit,Leighton,34167.000000,3,S40DX1A,Demorado
710,Luigi,Wardhough,62086.000000,1,C02AO6R,Cancelado
711,Yves,Crossgrove,46741.000000,2,Y10XF6D,Demorado
712,Clint,Oliveira,82259.000000,1,G59HX8X,En Horario
713,Colin,Rossin,25580.000000,2,K93ZR7T,Demorado
714,Gregoor,Haime,62673.000000,3,D05NR5H,En Horario
715,Harald,Alfonzo,77829.000000,1,G17HT3C,Demorado
716,Bealle,Zamorano,93253.000000,2,S81KN5O,En Horario
717,Ephrayim,Bysh,95589.000000,3,K86OK3R,En Horario
718,Sonnie,Hubbard,62761.000000,2,M65DP4N,En Horario
719,Querida,Frankiewicz,68072.000000,3,S48ID4G,En Horario
720,Ariella,Gravet,41817.000000,2,K83NJ1J,Cancelado
721,Artair,Sarch,65688.000000,3,K15CT7H,En Horario
722,Dennie,Eustes,80204.000000,1,O94FM4N,Cancelado
723,Liza,Dwane,81325.000000,1,D63LD2M,En Horario
724,Neron,Callington,29324.000000,2,E81AM3H,Demorado
725,Kristina,Bumford,80341.000000,1,A30GJ1U,Demorado
726,Roanne,Gaffer,18342.000000,2,M54FC5V,Demorado
727,Reade,MacAlroy,30225.000000,3,V07TQ9G,En Horario
728,Loella,Beddin,89849.000000,3,S84FT4G,Cancelado
729,Laure,Roylance,10957.000000,3,W06AY7I,Demorado
730,Pierrette,Barge,93847.000000,3,O35UY1L,Cancelado
731,Say,Margrem,87030.000000,1,L81EY3W,Demorado
732,Joni,Adolphine,94764.000000,3,X92FQ0R,Cancelado
733,Merola,Ricca,50899.000000,3,L11OY2F,Demorado
734,Antonius,Blasing,91241.000000,1,D96UI3C,Cancelado
735,My,Clarkin,56495.000000,2,N23RL7N,En Horario
736,Weider,Giacobillo,38116.000000,1,C07HK5N,Demorado
737,Opal,Treves,81736.000000,1,U71WH9L,Demorado
738,Sara,Ricardin,51531.000000,3,P76FZ1T,En Horario
739,Roderich,Saint,91939.000000,3,P38AS3V,En Horario
740,Beitris,Costock,89886.000000,3,Q78WQ7J,Cancelado
741,Yoko,Gumly,80412.000000,2,G65FK9Y,Cancelado
742,Dulci,Devenport,47366.000000,3,J23OU5K,En Horario
743,Hastings,Ockleshaw,91222.000000,1,S49BK7Y,Demorado
744,Sande,Goodwin,88362.000000,3,X11LQ2S,Cancelado
745,Nelie,Katz,21894.000000,1,X97ST5B,Demorado
746,Robbert,Kibard,68707.000000,3,R83IM9B,Cancelado
747,Davie,Pero,32884.000000,2,C32MW8N,En Horario
748,Brit,Sharpous,17640.000000,2,U19KJ8I,Cancelado
749,Madelle,Goodban,39782.000000,3,C67XQ0A,Cancelado
750,Vergil,Spraberry,83577.000000,1,K82QY1F,Cancelado
751,Rivy,Adriani,31124.000000,2,F75WV9O,Cancelado
752,Kata,Walliker,74334.000000,1,C10QK0C,En Horario
753,Gui,Hanby,96421.000000,2,Y59RA6K,Cancelado
754,Chloe,Quinsee,25715.000000,3,R64WQ4J,En Horario
755,Caitrin,Molloy,17744.000000,1,R26HV8I,Cancelado
756,Pepita,Hantusch,97154.000000,3,Q97TI4Q,Demorado
757,Nikola,Cleen,44359.000000,1,U53EM4K,Demorado
758,Chrysler,Delion,95247.000000,1,N02KG9J,Demorado
759,Fifine,Hampe,28141.000000,2,H54QK1J,Demorado
760,Fionnula,Sandaver,45181.000000,1,Z18QL5I,Demorado
761,Tracy,Koeppke,77237.000000,1,D28IV2Z,Cancelado
762,Cass,Coulthart,68189.000000,2,Z36KC0A,Demorado
763,Papagena,Tills,95617.000000,1,T04IP5L,Cancelado
764,Dody,Kitchenman,88261.000000,3,E15FJ8Z,En Horario
765,Averyl,Garbert,86862.000000,1,P42NP8C,Cancelado
766,Caesar,McAleese,58160.000000,1,O32SD6V,Demorado
767,Megen,Giacomoni,52069.000000,3,X47QX1G,En Horario
768,Natasha,Alsina,70573.000000,3,O52KZ3P,Demorado
769,Izabel,Neild,36108.000000,3,N39LE2R,Cancelado
770,Novelia,Tandey,81037.000000,3,F41WV5J,Cancelado
771,Constantia,Preedy,82876.000000,2,K82MN4L,Cancelado
772,Andonis,Gribble,16502.000000,2,I48CH7O,Demorado
773,Baldwin,Iban,73893.000000,3,L93KC7Q,Cancelado
774,Gussie,Secombe,42178.000000,1,S21FI0R,En Horario
775,Drew,Caville,51016.000000,2,L20VX1E,En Horario
776,Ches,Schaffel,42970.000000,3,M30EY0P,Demorado
777,Nichole,Comoletti,77112.000000,3,W39UJ5S,Demorado
778,Kathy,Brabben,73234.000000,3,L84DP2O,Demorado
779,Charisse,Gilkes,37195.000000,1,F16TR0E,Demorado
780,Erastus,O'Bradain,92763.000000,3,L09IQ2U,Demorado
781,Meara,Gehrts,59926.000000,3,V95VB9Q,Cancelado
782,Cathleen,Villalta,12997.000000,2,D69YJ5R,Cancelado
783,Ondrea,Blacktin,79710.000000,2,H09ZQ0X,Demorado
784,Annabel,Pepall,54458.000000,2,Y54VP2K,Demorado
785,Jolynn,Ordidge,82530.000000,2,B77YG6W,En Horario
786,William,Maxwaile,15401.000000,3,A80PJ7M,En Horario
787,Norene,Bohey,69909.000000,1,S12AV6N,Demorado
788,Lenore,Stidston,87317.000000,3,Y54DO3I,Demorado
789,Brianne,Imrie,81120.000000,1,J75YL0G,Cancelado
790,Nertie,Fabri,76061.000000,3,F87HM3C,Demorado
791,Adelle,Bayford,13815.000000,3,B75EZ6A,En Horario
792,Dori,Cuthbert,82886.000000,2,G10PT9V,En Horario
793,Jewell,O'Moylane,40307.000000,1,O21KN2U,En Horario
794,Jens,Stannard,56972.000000,3,R65HT5L,Cancelado
795,Averil,Gaunson,60438.000000,1,H12CX1D,Demorado
796,Derron,Pallatina,75576.000000,3,H85II1S,En Horario
797,Tiffi,Annets,13022.000000,1,N80GT4V,En Horario
798,Keely,Siggins,72691.000000,2,G61PQ2X,Cancelado
799,Consuela,Langfitt,68683.000000,1,T46UI1W,Demorado
800,Carine,Dawks,28891.000000,1,K53TD5N,Cancelado
801,Kimberly,Guislin,34699.000000,3,M17HF7M,En Horario
802,Felic,Richt,34989.000000,3,H26XW4G,Cancelado
803,Rolando,Hearnshaw,76231.000000,3,G52VD2P,En Horario
804,Karil,Markie,81344.000000,2,I06NO2R,En Horario
805,Roslyn,Sciacovelli,29929.000000,3,Z71JF0K,Cancelado
806,Nessy,Rowntree,24236.000000,2,L63CK1V,En Horario
807,Bidget,Kilgrew,82643.000000,3,I34XU0U,Demorado
808,Winni,Priddy,98311.000000,1,P63ZT9R,En Horario
809,Tucker,Hambly,66707.000000,1,U27AA6N,Demorado
810,Analiese,Harbisher,78837.000000,2,B20UO8N,Demorado
811,Sigfrid,Rawlins,43957.000000,1,W09FB1N,Demorado
812,Major,Carrane,54616.000000,3,B24LY7E,Demorado
813,Gauthier,Diggles,80980.000000,1,R77NV2G,Demorado
814,Ulysses,Errichelli,21515.000000,3,K46AB6A,Cancelado
815,Nettle,Bahlmann,50757.000000,2,N92RM9Q,Cancelado
816,Tessy,Doblin,78842.000000,2,R26CL1H,Cancelado
817,Ruperta,Headon,90140.000000,3,Z03BE7H,En Horario
818,Lena,Badsworth,66825.000000,1,S76BP3O,En Horario
819,Lazarus,Gingell,88664.000000,2,D94SF8J,En Horario
820,Andra,Dow,10953.000000,3,C14JR1F,En Horario
821,Gunilla,Swatton,89418.000000,2,M46LQ2I,Cancelado
822,Codee,Stanlack,72946.000000,1,Y49TU3R,Demorado
823,Nicolas,Guyonnet,79277.000000,3,A04WH6P,En Horario
824,Gizela,Calender,92376.000000,1,R90XW0Q,En Horario
825,Willette,Resun,56803.000000,1,E30HB6I,Demorado
826,Cecilio,Maine,11609.000000,3,M25ZT2C,En Horario
827,Titus,Adam,61437.000000,2,Y36HQ8V,Cancelado
828,Suki,Josupeit,69550.000000,1,V83YJ6P,Cancelado
829,Jaquenette,Swateridge,95505.000000,2,A02XP3X,En Horario
830,Tore,Gilburt,81764.000000,2,K58YN6E,Cancelado
831,Robyn,Guinn,42619.000000,1,Q71AR4R,En Horario
832,Toddy,Irnys,44030.000000,1,Z59NP2X,Cancelado
833,Olive,Bizzey,30652.000000,3,B16GY3G,En Horario
834,Luise,O'Corrin,72494.000000,3,V39YH2Y,Cancelado
835,Catlin,Tate,86064.000000,3,G74XD2M,Cancelado
836,Rosabelle,Simeon,91004.000000,1,N94UU6B,Cancelado
837,Ardelle,Bullent,58438.000000,2,B90WN6T,Demorado
838,Zebulen,Banane,35110.000000,3,E45XB4N,Cancelado
839,Reggi,Housden,45025.000000,2,E55FQ2M,En Horario
840,Joshua,Beazley,65117.000000,3,V38YJ5I,Demorado
841,Bonni,Zanetello,19292.000000,1,B22BX8T,Cancelado
842,Rolph,Lawlie,70902.000000,3,T80IU7L,Cancelado
843,Louise,Helversen,52722.000000,3,Q13TU7O,Cancelado
844,Maje,Stanworth,47580.000000,2,B61OP1M,En Horario
845,Karl,Atte-Stone,51131.000000,1,E47VM7H,Demorado
846,Cristobal,Doodney,89522.000000,2,E60AY6G,En Horario
847,Erhart,Hurley,27620.000000,2,P62WU5Q,Cancelado
848,Erroll,Stukings,53814.000000,3,D85SX0M,Demorado
849,Jaclyn,Staddart,57783.000000,2,B10AS0Y,Demorado
850,Timothee,Chesswas,83692.000000,1,P71HC7M,Cancelado
851,Maurizio,De Courtney,50494.000000,2,D44CX1H,En Horario
852,Jobye,Poulden,86674.000000,2,O75GA9U,En Horario
853,Molly,Grundey,94999.000000,3,N18WD4O,Demorado
854,Wittie,Schuchmacher,54965.000000,1,E27RM2B,Demorado
855,Roxy,Fairweather,68661.000000,1,Z44EJ7K,Demorado
856,Melita,Gadd,53731.000000,1,J60TR9Z,Cancelado
857,Marge,Bickerstaff,48857.000000,3,S39VQ2P,En Horario
858,Shannan,Durnian,67956.000000,1,G98NA2I,Demorado
859,Robby,Fellman,78859.000000,2,V30RA8M,En Horario
860,West,Slyme,92720.000000,3,F35DT7I,Cancelado
861,Lyda,Fairham,54927.000000,2,G41BI3B,Cancelado
862,Leupold,Rieme,66537.000000,2,O12PZ4M,En Horario
863,Courtnay,Bodd,80848.000000,3,L12UV0W,Cancelado
864,Clim,Dorken,57500.000000,1,F84GQ7O,Demorado
865,Rodrick,Tarry,78167.000000,2,O66SH6S,Demorado
866,Koren,Heigl,35955.000000,1,B72PW7S,Cancelado
867,Angelo,Hullah,97513.000000,3,R75CT4W,Demorado
868,Waylin,Lefort,12752.000000,2,P65GO3Q,Cancelado
869,Camille,Flatt,66091.000000,1,S84DS5A,En Horario
870,Evaleen,Ellingford,63480.000000,3,J56MK7U,Demorado
871,Dennis,Buckberry,98696.000000,2,S78JB5X,En Horario
872,Wilona,Downs,96735.000000,3,R86IP6U,Cancelado
873,Amargo,Massingham,16369.000000,3,X51RX6O,Demorado
874,Sibeal,Hards,43718.000000,1,P36ME7Y,Cancelado
875,Gram,Kaines,81419.000000,2,D96CB6H,Cancelado
876,Curtis,Strickland,92197.000000,2,T02GR3K,Cancelado
877,Wes,Hurndall,47458.000000,1,R92BW6R,Demorado
878,Melvyn,Jeaves,85090.000000,3,C26VB9P,Demorado
879,Elinore,Petken,37570.000000,3,K77EQ2R,Cancelado
880,Ase,Elsip,70955.000000,1,A33NJ7O,En Horario
881,Rory,Desforges,80611.000000,2,B85AF6P,Demorado
882,Carole,Kibbey,20197.000000,3,N03QV1J,Cancelado
883,Kermit,Burland,56573.000000,1,X36ZN7N,En Horario
884,Odetta,Kenwright,16978.000000,3,Q58NU8P,En Horario
885,Mattias,Kleis,89533.000000,3,L54VV5N,Demorado
886,Earle,Bellas,43417.000000,3,N37ZE5P,En Horario
887,Daffie,Carlos,58476.000000,2,A34SP8P,Cancelado
888,Jeanine,Tinker,20640.000000,1,X07GM7M,Demorado
889,Mychal,Eplate,26389.000000,1,D80VQ6B,Demorado
890,Vale,Mowsdale,93076.000000,1,J39BF9P,Cancelado
891,Elise,Davidy,11952.000000,3,E51ND7M,Demorado
892,Glad,Hillhouse,81689.000000,1,L23UF3M,Cancelado
893,Lilli,Kamena,72558.000000,2,F06JB8T,Demorado
894,Ginelle,Gower,37900.000000,3,P60MZ1R,Demorado
895,Tawsha,Sandlin,89014.000000,2,L72TW1M,Cancelado
896,Eimile,Chessill,43303.000000,2,L06II7Y,Demorado
897,Ransell,Bedward,38673.000000,2,V56SA7Y,En Horario
898,Jolene,Beldom,68991.000000,1,E05FI3H,En Horario
899,Onfre,Calderwood,82475.000000,2,Y69EF5X,Demorado
900,Hinze,Riddell,72504.000000,1,Q72BY9M,Demorado
901,Sibylla,Ceeley,72356.000000,3,S09MT6S,Demorado
902,Wilhelmina,Gyles,57550.000000,2,Z10NF4I,Cancelado
903,Moyna,Eyer,23966.000000,2,N87RL8V,En Horario
904,Gerri,Pooly,96747.000000,2,K98NY3N,Cancelado
905,Andreana,Linscott,33737.000000,2,C35HW8X,Cancelado
906,Rhianna,Troppmann,49974.000000,1,L35GR4Q,Demorado
907,Tarrance,Roderham,73100.000000,2,H54EZ3D,En Horario
908,Anthiathia,Tootell,50042.000000,2,I87VH2R,En Horario
909,Shayla,Learoid,56858.000000,2,L17PS7Z,Cancelado
910,Mei,Compson,97200.000000,3,W02FZ4D,Cancelado
911,Aviva,Castagnasso,73407.000000,2,O57PT5I,Cancelado
912,Christan,Jeffels,69719.000000,3,I70LK7R,Cancelado
913,Gabi,Laker,62765.000000,3,E40AZ8O,En Horario
914,Erda,Longmore,27744.000000,1,N71YY5Y,En Horario
915,Nona,Baumann,84711.000000,2,P43JV4X,Cancelado
916,Marie-jeanne,Jollye,47129.000000,2,K84XY8W,Demorado
917,Alix,Hearle,83863.000000,3,S93NI6N,En Horario
918,Blayne,Benmore,18996.000000,2,O31ZC9D,En Horario
919,Sissie,Fonte,50772.000000,1,G16YW1R,Cancelado
920,Obadiah,Filippi,84518.000000,2,S86FO7S,Cancelado
921,Mariellen,Imloch,43973.000000,3,G14FP9K,En Horario
922,Adelbert,Kilty,83484.000000,2,A60DP2G,En Horario
923,Forest,Roch,97955.000000,1,E92HJ7C,En Horario
924,Wylma,Sturley,21362.000000,3,B70EH1M,Demorado
925,Fritz,McCarty,52066.000000,3,G69QV5B,En Horario
926,Dusty,Abbiss,19041.000000,3,L54JT3E,En Horario
927,Teodorico,Faussett,11274.000000,3,X30DZ9Y,Cancelado
928,Goddart,Chalcot,50651.000000,3,J32PT3U,Cancelado
929,Reilly,Coltman,92465.000000,2,X97VQ6Q,Cancelado
930,Halie,Kliemchen,34467.000000,3,I08QP6D,Demorado
931,Annabel,Fantini,69966.000000,1,J47VC3D,Demorado
932,Englebert,Minnette,39067.000000,3,S38ZG0O,En Horario
933,Felice,Dunn,97575.000000,2,H94DE0N,Demorado
934,Antoni,Swarbrigg,86293.000000,3,I75HV3N,En Horario
935,Noemi,Keningley,11482.000000,3,R86YJ5K,Cancelado
936,Jacinthe,Mc Kellen,28073.000000,2,C85WT3P,En Horario
937,Cindra,Hatwell,31552.000000,1,D46LH6I,Cancelado
938,Courtenay,Sargerson,78248.000000,1,G82CX5L,Demorado
939,Hakim,Netley,60808.000000,2,U25WD1W,Demorado
940,Marlane,Beney,45024.000000,3,Z67ND4H,Demorado
941,Gladi,Bottelstone,65149.000000,3,E88CQ9N,Cancelado
942,Cindie,Wilgar,66911.000000,3,P22MS9L,En Horario
943,Tandi,Sustin,21647.000000,3,J35PH4A,En Horario
944,Tracey,Bence,10349.000000,1,W93CA0P,Demorado
945,Calhoun,Jedrzejewski,67053.000000,2,Z58AP6A,Demorado
946,Eb,Brosel,49221.000000,3,V02PE0W,En Horario
947,Pren,O'Shaughnessy,28068.000000,3,E36NK7D,Cancelado
948,Archie,Mingay,41034.000000,2,D08SK6F,Demorado
949,Giavani,Dubbin,12251.000000,1,O37DZ1C,Cancelado
950,Wandie,Taylder,17101.000000,3,N72OM5Q,Demorado
951,Letizia,Cardillo,76531.000000,2,D45YP3Y,Demorado
952,Johnna,Yapp,40892.000000,2,Q03EY6V,Demorado
953,Aguistin,Raleston,50004.000000,2,X61PM5E,Demorado
954,Gael,McLese,20344.000000,1,K80QB1M,Cancelado
955,Lark,Baike,45062.000000,2,D14HL5C,En Horario
956,Arne,Randales,58319.000000,1,L69ND8C,En Horario
957,Darby,Rapport,42195.000000,1,E85DH5G,En Horario
958,Toiboid,Bremmer,38733.000000,1,P45SH4S,Demorado
959,Carmelia,Mazzei,16778.000000,3,Q12RV8F,Demorado
960,Seana,Clist,42626.000000,3,R90XW2I,En Horario
961,Fran,Hamer,34897.000000,3,X75TR2Z,Demorado
962,Nat,Konig,83327.000000,2,K20JC6Y,Demorado
963,Marianna,Cossons,72467.000000,1,P90WQ9A,En Horario
964,Gaye,Iremonger,58286.000000,1,C88RD8S,Cancelado
965,Taffy,Shevlane,38511.000000,3,T15OL1B,Demorado
966,Anthe,Hamlen,84287.000000,3,K70ZO3O,Cancelado
967,Veronique,Ledbetter,85372.000000,2,X32ET1J,Demorado
968,Allard,Langeley,15964.000000,2,N03RP9V,En Horario
969,Towny,Stivey,77551.000000,1,M18BT1Y,Demorado
970,Siffre,Kohnen,28361.000000,1,V86UG2E,En Horario
971,Anne-marie,Olivelli,83100.000000,3,H31JM9R,En Horario
972,Rachel,Sigge,93203.000000,3,A95AB4F,Cancelado
973,Sargent,Pauli,25242.000000,2,Q11US2I,Demorado
974,Bentley,Bingell,93665.000000,3,R21CN8K,Cancelado
975,Devlin,Gherardelli,66624.000000,3,H41ST5A,Cancelado
976,Jacquenette,Rizzotto,66769.000000,3,B85QI4L,Demorado
977,Joni,Frensche,30319.000000,1,P34YB8B,Demorado
978,Bogey,Oxterby,53178.000000,3,U79SD1Z,En Horario
979,Davy,Hutcheons,73016.000000,2,N82OX1P,En Horario
980,Ingra,Hilliam,25179.000000,3,I58YF6F,Demorado
981,Demetris,Bullon,24451.000000,3,T04HK3S,Demorado
982,Domini,Levane,12632.000000,1,I22AO6C,En Horario
983,Cherice,Doggrell,48204.000000,1,W63UD5K,Cancelado
984,Teena,Jumeau,92067.000000,1,I45FH7F,En Horario
985,Renaud,Broomhead,11567.000000,1,T88EI8Q,En Horario
986,Luci,Geaveny,20597.000000,3,L74XE3B,En Horario
987,Jessey,Gallety,69067.000000,3,O72VW2U,Cancelado
988,Gwendolyn,Dohmer,91124.000000,3,Y70RG4K,Demorado
989,Candra,Limbrick,37668.000000,1,S53CP9I,Cancelado
990,Allx,Glassman,41865.000000,3,Y04BU9G,Demorado
991,Winnie,Gemnett,53463.000000,3,O74CA0H,Cancelado
992,Eben,McKirdy,79510.000000,2,D07IB2M,Cancelado
993,Effie,Baison,33960.000000,1,X10HG9R,Demorado
994,Bonnie,Henrichs,39219.000000,1,N30ZW3Y,Demorado
995,Barde,Barrie,31468.000000,1,W23FN3O,En Horario
996,Maryellen,Gorelli,78020.000000,1,V21XO2K,Cancelado
997,Erastus,Simic,98428.000000,2,V17ZV2G,En Horario
998,Ulrich,Matovic,97196.000000,1,Y19GF7Z,Cancelado
999,Gaylor,Laugier,25057.000000,2,J61EQ9K,Demorado
1000,Roderigo,Erington,61192.000000,2,A88PJ6T,Cancelado
